x;y;u;v;column;row
0.0000;0.0000;0.0075;-0.0090;0;0
0.0345;0.0000;0.0421;-0.0084;1;0
0.0690;0.0000;0.0766;-0.0077;2;0
0.1034;0.0000;0.1109;-0.0068;3;0
0.1379;0.0000;0.1449;-0.0056;4;0
0.1724;0.0000;0.1782;-0.0039;5;0
0.2069;0.0000;0.2112;-0.0020;6;0
0.2414;0.0000;0.2447;-0.0011;7;0
0.2759;0.0000;0.2790;-0.0014;8;0
0.3103;0.0000;0.3131;-0.0016;9;0
0.3448;0.0000;0.3467;-0.0016;10;0
0.3793;0.0000;0.3802;-0.0018;11;0
0.4138;0.0000;0.4132;-0.0016;12;0
0.4483;0.0000;0.4469;-0.0016;13;0
0.4828;0.0000;0.4820;-0.0024;14;0
0.5172;0.0000;0.5186;-0.0043;15;0
0.5517;0.0000;0.5563;-0.0072;16;0
0.5862;0.0000;0.5939;-0.0101;17;0
0.6207;0.0000;0.6310;-0.0125;18;0
0.6552;0.0000;0.6674;-0.0143;19;0
0.6897;0.0000;0.7033;-0.0157;20;0
0.7241;0.0000;0.7390;-0.0167;21;0
0.7586;0.0000;0.7744;-0.0176;22;0
0.7931;0.0000;0.8098;-0.0182;23;0
0.8276;0.0000;0.8450;-0.0188;24;0
0.8621;0.0000;0.8802;-0.0193;25;0
0.8966;0.0000;0.9153;-0.0198;26;0
0.9310;0.0000;0.9504;-0.0202;27;0
0.9655;0.0000;0.9855;-0.0206;28;0
1.0000;0.0000;1.0206;-0.0210;29;0
0.0000;0.0526;0.0056;0.0449;0;1
0.0345;0.0526;0.0402;0.0455;1;1
0.0690;0.0526;0.0748;0.0463;2;1
0.1034;0.0526;0.1093;0.0472;3;1
0.1379;0.0526;0.1436;0.0484;4;1
0.1724;0.0526;0.1770;0.0501;5;1
0.2069;0.0526;0.2087;0.0536;6;1
0.2414;0.0526;0.2418;0.0550;7;1
0.2759;0.0526;0.2783;0.0520;8;1
0.3103;0.0526;0.3129;0.0513;9;1
0.3448;0.0526;0.3455;0.0531;10;1
0.3793;0.0526;0.3814;0.0494;11;1
0.4138;0.0526;0.4119;0.0518;12;1
0.4483;0.0526;0.4452;0.0523;13;1
0.4828;0.0526;0.4798;0.0520;14;1
0.5172;0.0526;0.5170;0.0497;15;1
0.5517;0.0526;0.5566;0.0453;16;1
0.5862;0.0526;0.5946;0.0419;17;1
0.6207;0.0526;0.6313;0.0397;18;1
0.6552;0.0526;0.6674;0.0382;19;1
0.6897;0.0526;0.7030;0.0372;20;1
0.7241;0.0526;0.7384;0.0364;21;1
0.7586;0.0526;0.7736;0.0358;22;1
0.7931;0.0526;0.8088;0.0353;23;1
0.8276;0.0526;0.8440;0.0349;24;1
0.8621;0.0526;0.8791;0.0344;25;1
0.8966;0.0526;0.9142;0.0340;26;1
0.9310;0.0526;0.9492;0.0336;27;1
0.9655;0.0526;0.9843;0.0332;28;1
1.0000;0.0526;1.0194;0.0328;29;1
0.0000;0.1053;0.0034;0.0988;0;2
0.0345;0.1053;0.0378;0.0996;1;2
0.0690;0.1053;0.0722;0.1005;2;2
0.1034;0.1053;0.1065;0.1018;3;2
0.1379;0.1053;0.1404;0.1038;4;2
0.1724;0.1053;0.1738;0.1065;5;2
0.2069;0.1053;0.2070;0.1079;6;2
0.2414;0.1053;0.2411;0.1078;7;2
0.2759;0.1053;0.2764;0.1062;8;2
0.3103;0.1053;0.3105;0.1065;9;2
0.3448;0.1053;0.3453;0.1055;10;2
0.3793;0.1053;0.3825;0.1004;11;2
0.4138;0.1053;0.4133;0.1040;12;2
0.4483;0.1053;0.4464;0.1056;13;2
0.4828;0.1053;0.4803;0.1047;14;2
0.5172;0.1053;0.5174;0.1015;15;2
0.5517;0.1053;0.5574;0.0967;16;2
0.5862;0.1053;0.5948;0.0940;17;2
0.6207;0.1053;0.6309;0.0925;18;2
0.6552;0.1053;0.6665;0.0916;19;2
0.6897;0.1053;0.7019;0.0909;20;2
0.7241;0.1053;0.7371;0.0904;21;2
0.7586;0.1053;0.7723;0.0899;22;2
0.7931;0.1053;0.8074;0.0894;23;2
0.8276;0.1053;0.8425;0.0890;24;2
0.8621;0.1053;0.8777;0.0886;25;2
0.8966;0.1053;0.9128;0.0881;26;2
0.9310;0.1053;0.9479;0.0877;27;2
0.9655;0.1053;0.9830;0.0873;28;2
1.0000;0.1053;1.0181;0.0869;29;2
0.0000;0.1579;0.0010;0.1528;0;3
0.0345;0.1579;0.0352;0.1535;1;3
0.0690;0.1579;0.0694;0.1543;2;3
0.1034;0.1579;0.1035;0.1551;3;3
0.1379;0.1579;0.1377;0.1559;4;3
0.1724;0.1579;0.1719;0.1572;5;3
0.2069;0.1579;0.2063;0.1597;6;3
0.2414;0.1579;0.2429;0.1575;7;3
0.2759;0.1579;0.2770;0.1574;8;3
0.3103;0.1579;0.3094;0.1599;9;3
0.3448;0.1579;0.3447;0.1584;10;3
0.3793;0.1579;0.3797;0.1574;11;3
0.4138;0.1579;0.4106;0.1620;12;3
0.4483;0.1579;0.4456;0.1593;13;3
0.4828;0.1579;0.4794;0.1605;14;3
0.5172;0.1579;0.5147;0.1599;15;3
0.5517;0.1579;0.5539;0.1534;16;3
0.5862;0.1579;0.5918;0.1496;17;3
0.6207;0.1579;0.6283;0.1478;18;3
0.6552;0.1579;0.6642;0.1467;19;3
0.6897;0.1579;0.6997;0.1459;20;3
0.7241;0.1579;0.7350;0.1453;21;3
0.7586;0.1579;0.7703;0.1447;22;3
0.7931;0.1579;0.8056;0.1441;23;3
0.8276;0.1579;0.8408;0.1436;24;3
0.8621;0.1579;0.8760;0.1431;25;3
0.8966;0.1579;0.9111;0.1425;26;3
0.9310;0.1579;0.9463;0.1420;27;3
0.9655;0.1579;0.9815;0.1415;28;3
1.0000;0.1579;1.0167;0.1411;29;3
0.0000;0.2105;-0.0010;0.2068;0;4
0.0345;0.2105;0.0331;0.2075;1;4
0.0690;0.2105;0.0672;0.2082;2;4
0.1034;0.2105;0.1013;0.2088;3;4
0.1379;0.2105;0.1358;0.2093;4;4
0.1724;0.2105;0.1712;0.2096;5;4
0.2069;0.2105;0.2084;0.2085;6;4
0.2414;0.2105;0.2450;0.2063;7;4
0.2759;0.2105;0.2778;0.2084;8;4
0.3103;0.2105;0.3099;0.2120;9;4
0.3448;0.2105;0.3443;0.2115;10;4
0.3793;0.2105;0.3776;0.2115;11;4
0.4138;0.2105;0.4106;0.2128;12;4
0.4483;0.2105;0.4457;0.2109;13;4
0.4828;0.2105;0.4801;0.2117;14;4
0.5172;0.2105;0.5149;0.2123;15;4
0.5517;0.2105;0.5517;0.2093;16;4
0.5862;0.2105;0.5887;0.2064;17;4
0.6207;0.2105;0.6252;0.2044;18;4
0.6552;0.2105;0.6611;0.2031;19;4
0.6897;0.2105;0.6969;0.2020;20;4
0.7241;0.2105;0.7324;0.2010;21;4
0.7586;0.2105;0.7679;0.2001;22;4
0.7931;0.2105;0.8034;0.1993;23;4
0.8276;0.2105;0.8387;0.1985;24;4
0.8621;0.2105;0.8741;0.1978;25;4
0.8966;0.2105;0.9094;0.1972;26;4
0.9310;0.2105;0.9447;0.1965;27;4
0.9655;0.2105;0.9799;0.1959;28;4
1.0000;0.2105;1.0151;0.1954;29;4
0.0000;0.2632;-0.0023;0.2606;0;5
0.0345;0.2632;0.0319;0.2613;1;5
0.0690;0.2632;0.0661;0.2621;2;5
0.1034;0.2632;0.1004;0.2628;3;5
0.1379;0.2632;0.1350;0.2635;4;5
0.1724;0.2632;0.1706;0.2634;5;5
0.2069;0.2632;0.2075;0.2622;6;5
0.2414;0.2632;0.2428;0.2616;7;5
0.2759;0.2632;0.2764;0.2630;8;5
0.3103;0.2632;0.3099;0.2642;9;5
0.3448;0.2632;0.3438;0.2636;10;5
0.3793;0.2632;0.3779;0.2630;11;5
0.4138;0.2632;0.4123;0.2625;12;5
0.4483;0.2632;0.4468;0.2624;13;5
0.4828;0.2632;0.4816;0.2623;14;5
0.5172;0.2632;0.5168;0.2623;15;5
0.5517;0.2632;0.5521;0.2623;16;5
0.5862;0.2632;0.5873;0.2618;17;5
0.6207;0.2632;0.6227;0.2608;18;5
0.6552;0.2632;0.6583;0.2595;19;5
0.6897;0.2632;0.6941;0.2582;20;5
0.7241;0.2632;0.7298;0.2568;21;5
0.7586;0.2632;0.7655;0.2556;22;5
0.7931;0.2632;0.8012;0.2545;23;5
0.8276;0.2632;0.8367;0.2536;24;5
0.8621;0.2632;0.8722;0.2527;25;5
0.8966;0.2632;0.9076;0.2518;26;5
0.9310;0.2632;0.9430;0.2511;27;5
0.9655;0.2632;0.9783;0.2504;28;5
1.0000;0.2632;1.0136;0.2497;29;5
0.0000;0.3158;-0.0031;0.3141;0;6
0.0345;0.3158;0.0313;0.3148;1;6
0.0690;0.3158;0.0659;0.3154;2;6
0.1034;0.3158;0.1007;0.3159;3;6
0.1379;0.3158;0.1359;0.3162;4;6
0.1724;0.3158;0.1712;0.3164;5;6
0.2069;0.3158;0.2062;0.3171;6;6
0.2414;0.3158;0.2407;0.3175;7;6
0.2759;0.3158;0.2756;0.3173;8;6
0.3103;0.3158;0.3100;0.3167;9;6
0.3448;0.3158;0.3436;0.3161;10;6
0.3793;0.3158;0.3780;0.3160;11;6
0.4138;0.3158;0.4124;0.3159;12;6
0.4483;0.3158;0.4470;0.3158;13;6
0.4828;0.3158;0.4818;0.3157;14;6
0.5172;0.3158;0.5172;0.3156;15;6
0.5517;0.3158;0.5521;0.3161;16;6
0.5862;0.3158;0.5860;0.3169;17;6
0.6207;0.3158;0.6207;0.3165;18;6
0.6552;0.3158;0.6562;0.3151;19;6
0.6897;0.3158;0.6919;0.3136;20;6
0.7241;0.3158;0.7278;0.3121;21;6
0.7586;0.3158;0.7635;0.3107;22;6
0.7931;0.3158;0.7993;0.3095;23;6
0.8276;0.3158;0.8349;0.3083;24;6
0.8621;0.3158;0.8705;0.3073;25;6
0.8966;0.3158;0.9060;0.3064;26;6
0.9310;0.3158;0.9414;0.3055;27;6
0.9655;0.3158;0.9768;0.3047;28;6
1.0000;0.3158;1.0122;0.3040;29;6
0.0000;0.3684;-0.0035;0.3673;0;7
0.0345;0.3684;0.0311;0.3679;1;7
0.0690;0.3684;0.0659;0.3684;2;7
0.1034;0.3684;0.1008;0.3688;3;7
0.1379;0.3684;0.1360;0.3690;4;7
0.1724;0.3684;0.1711;0.3687;5;7
0.2069;0.3684;0.2062;0.3672;6;7
0.2414;0.3684;0.2426;0.3660;7;7
0.2759;0.3684;0.2769;0.3675;8;7
0.3103;0.3684;0.3097;0.3693;9;7
0.3448;0.3684;0.3440;0.3689;10;7
0.3793;0.3684;0.3785;0.3689;11;7
0.4138;0.3684;0.4134;0.3689;12;7
0.4483;0.3684;0.4478;0.3687;13;7
0.4828;0.3684;0.4823;0.3686;14;7
0.5172;0.3684;0.5178;0.3685;15;7
0.5517;0.3684;0.5525;0.3691;16;7
0.5862;0.3684;0.5857;0.3702;17;7
0.6207;0.3684;0.6201;0.3699;18;7
0.6552;0.3684;0.6553;0.3689;19;7
0.6897;0.3684;0.6909;0.3676;20;7
0.7241;0.3684;0.7265;0.3663;21;7
0.7586;0.3684;0.7622;0.3650;22;7
0.7931;0.3684;0.7978;0.3638;23;7
0.8276;0.3684;0.8335;0.3627;24;7
0.8621;0.3684;0.8690;0.3616;25;7
0.8966;0.3684;0.9046;0.3607;26;7
0.9310;0.3684;0.9401;0.3598;27;7
0.9655;0.3684;0.9755;0.3589;28;7
1.0000;0.3684;1.0109;0.3582;29;7
0.0000;0.4211;-0.0037;0.4202;0;8
0.0345;0.4211;0.0310;0.4207;1;8
0.0690;0.4211;0.0657;0.4211;2;8
0.1034;0.4211;0.1006;0.4213;3;8
0.1379;0.4211;0.1354;0.4213;4;8
0.1724;0.4211;0.1701;0.4210;5;8
0.2069;0.4211;0.2052;0.4198;6;8
0.2414;0.4211;0.2417;0.4175;7;8
0.2759;0.4211;0.2759;0.4188;8;8
0.3103;0.4211;0.3090;0.4217;9;8
0.3448;0.4211;0.3439;0.4217;10;8
0.3793;0.4211;0.3787;0.4218;11;8
0.4138;0.4211;0.4137;0.4220;12;8
0.4483;0.4211;0.4482;0.4219;13;8
0.4828;0.4211;0.4828;0.4217;14;8
0.5172;0.4211;0.5184;0.4216;15;8
0.5517;0.4211;0.5530;0.4219;16;8
0.5862;0.4211;0.5861;0.4223;17;8
0.6207;0.4211;0.6205;0.4220;18;8
0.6552;0.4211;0.6555;0.4214;19;8
0.6897;0.4211;0.6906;0.4206;20;8
0.7241;0.4211;0.7260;0.4197;21;8
0.7586;0.4211;0.7614;0.4187;22;8
0.7931;0.4211;0.7969;0.4176;23;8
0.8276;0.4211;0.8324;0.4166;24;8
0.8621;0.4211;0.8680;0.4156;25;8
0.8966;0.4211;0.9034;0.4147;26;8
0.9310;0.4211;0.9389;0.4138;27;8
0.9655;0.4211;0.9743;0.4130;28;8
1.0000;0.4211;1.0098;0.4122;29;8
0.0000;0.4737;-0.0038;0.4729;0;9
0.0345;0.4737;0.0309;0.4733;1;9
0.0690;0.4737;0.0657;0.4736;2;9
0.1034;0.4737;0.1005;0.4738;3;9
0.1379;0.4737;0.1354;0.4740;4;9
0.1724;0.4737;0.1704;0.4743;5;9
0.2069;0.4737;0.2055;0.4747;6;9
0.2414;0.4737;0.2414;0.4739;7;9
0.2759;0.4737;0.2774;0.4747;8;9
0.3103;0.4737;0.3120;0.4761;9;9
0.3448;0.4737;0.3456;0.4753;10;9
0.3793;0.4737;0.3795;0.4747;11;9
0.4138;0.4737;0.4139;0.4745;12;9
0.4483;0.4737;0.4486;0.4744;13;9
0.4828;0.4737;0.4834;0.4743;14;9
0.5172;0.4737;0.5185;0.4743;15;9
0.5517;0.4737;0.5528;0.4746;16;9
0.5862;0.4737;0.5861;0.4747;17;9
0.6207;0.4737;0.6206;0.4744;18;9
0.6552;0.4737;0.6555;0.4740;19;9
0.6897;0.4737;0.6906;0.4734;20;9
0.7241;0.4737;0.7257;0.4726;21;9
0.7586;0.4737;0.7610;0.4718;22;9
0.7931;0.4737;0.7963;0.4710;23;9
0.8276;0.4737;0.8317;0.4701;24;9
0.8621;0.4737;0.8671;0.4692;25;9
0.8966;0.4737;0.9026;0.4684;26;9
0.9310;0.4737;0.9380;0.4676;27;9
0.9655;0.4737;0.9734;0.4668;28;9
1.0000;0.4737;1.0088;0.4660;29;9
0.0000;0.5263;-0.0038;0.5254;0;10
0.0345;0.5263;0.0310;0.5258;1;10
0.0690;0.5263;0.0659;0.5262;2;10
0.1034;0.5263;0.1008;0.5265;3;10
0.1379;0.5263;0.1358;0.5268;4;10
0.1724;0.5263;0.1711;0.5271;5;10
0.2069;0.5263;0.2068;0.5272;6;10
0.2414;0.5263;0.2435;0.5272;7;10
0.2759;0.5263;0.2799;0.5276;8;10
0.3103;0.5263;0.3139;0.5281;9;10
0.3448;0.5263;0.3462;0.5276;10;10
0.3793;0.5263;0.3802;0.5270;11;10
0.4138;0.5263;0.4146;0.5267;12;10
0.4483;0.5263;0.4491;0.5265;13;10
0.4828;0.5263;0.4838;0.5263;14;10
0.5172;0.5263;0.5186;0.5263;15;10
0.5517;0.5263;0.5527;0.5266;16;10
0.5862;0.5263;0.5862;0.5271;17;10
0.6207;0.5263;0.6207;0.5269;18;10
0.6552;0.5263;0.6555;0.5265;19;10
0.6897;0.5263;0.6905;0.5260;20;10
0.7241;0.5263;0.7256;0.5254;21;10
0.7586;0.5263;0.7607;0.5248;22;10
0.7931;0.5263;0.7960;0.5241;23;10
0.8276;0.5263;0.8312;0.5234;24;10
0.8621;0.5263;0.8666;0.5226;25;10
0.8966;0.5263;0.9019;0.5219;26;10
0.9310;0.5263;0.9373;0.5211;27;10
0.9655;0.5263;0.9726;0.5204;28;10
1.0000;0.5263;1.0080;0.5197;29;10
0.0000;0.5789;-0.0036;0.5779;0;11
0.0345;0.5789;0.0313;0.5783;1;11
0.0690;0.5789;0.0662;0.5786;2;11
0.1034;0.5789;0.1013;0.5789;3;11
0.1379;0.5789;0.1366;0.5791;4;11
0.1724;0.5789;0.1721;0.5793;5;11
0.2069;0.5789;0.2081;0.5793;6;11
0.2414;0.5789;0.2438;0.5789;7;11
0.2759;0.5789;0.2789;0.5785;8;11
0.3103;0.5789;0.3128;0.5785;9;11
0.3448;0.5789;0.3460;0.5789;10;11
0.3793;0.5789;0.3797;0.5791;11;11
0.4138;0.5789;0.4142;0.5791;12;11
0.4483;0.5789;0.4488;0.5789;13;11
0.4828;0.5789;0.4834;0.5788;14;11
0.5172;0.5789;0.5182;0.5787;15;11
0.5517;0.5789;0.5525;0.5790;16;11
0.5862;0.5789;0.5863;0.5795;17;11
0.6207;0.5789;0.6207;0.5794;18;11
0.6552;0.5789;0.6556;0.5790;19;11
0.6897;0.5789;0.6905;0.5786;20;11
0.7241;0.5789;0.7255;0.5782;21;11
0.7586;0.5789;0.7606;0.5777;22;11
0.7931;0.5789;0.7957;0.5771;23;11
0.8276;0.5789;0.8309;0.5765;24;11
0.8621;0.5789;0.8661;0.5759;25;11
0.8966;0.5789;0.9014;0.5752;26;11
0.9310;0.5789;0.9367;0.5745;27;11
0.9655;0.5789;0.9720;0.5739;28;11
1.0000;0.5789;1.0073;0.5732;29;11
0.0000;0.6316;-0.0034;0.6303;0;12
0.0345;0.6316;0.0316;0.6306;1;12
0.0690;0.6316;0.0666;0.6309;2;12
0.1034;0.6316;0.1017;0.6311;3;12
0.1379;0.6316;0.1370;0.6313;4;12
0.1724;0.6316;0.1726;0.6315;5;12
0.2069;0.6316;0.2085;0.6317;6;12
0.2414;0.6316;0.2434;0.6317;7;12
0.2759;0.6316;0.2780;0.6316;8;12
0.3103;0.6316;0.3127;0.6315;9;12
0.3448;0.6316;0.3470;0.6314;10;12
0.3793;0.6316;0.3804;0.6317;11;12
0.4138;0.6316;0.4140;0.6318;12;12
0.4483;0.6316;0.4483;0.6318;13;12
0.4828;0.6316;0.4829;0.6317;14;12
0.5172;0.6316;0.5175;0.6317;15;12
0.5517;0.6316;0.5519;0.6319;16;12
0.5862;0.6316;0.5863;0.6320;17;12
0.6207;0.6316;0.6209;0.6319;18;12
0.6552;0.6316;0.6556;0.6316;19;12
0.6897;0.6316;0.6905;0.6313;20;12
0.7241;0.6316;0.7255;0.6309;21;12
0.7586;0.6316;0.7605;0.6305;22;12
0.7931;0.6316;0.7956;0.6301;23;12
0.8276;0.6316;0.8307;0.6296;24;12
0.8621;0.6316;0.8659;0.6290;25;12
0.8966;0.6316;0.9011;0.6284;26;12
0.9310;0.6316;0.9363;0.6278;27;12
0.9655;0.6316;0.9715;0.6272;28;12
1.0000;0.6316;1.0068;0.6266;29;12
0.0000;0.6842;-0.0031;0.6827;0;13
0.0345;0.6842;0.0318;0.6829;1;13
0.0690;0.6842;0.0669;0.6832;2;13
0.1034;0.6842;0.1020;0.6834;3;13
0.1379;0.6842;0.1371;0.6836;4;13
0.1724;0.6842;0.1723;0.6838;5;13
0.2069;0.6842;0.2073;0.6841;6;13
0.2414;0.6842;0.2422;0.6842;7;13
0.2759;0.6842;0.2770;0.6842;8;13
0.3103;0.6842;0.3117;0.6841;9;13
0.3448;0.6842;0.3462;0.6841;10;13
0.3793;0.6842;0.3802;0.6842;11;13
0.4138;0.6842;0.4137;0.6845;12;13
0.4483;0.6842;0.4479;0.6846;13;13
0.4828;0.6842;0.4826;0.6845;14;13
0.5172;0.6842;0.5172;0.6845;15;13
0.5517;0.6842;0.5518;0.6846;16;13
0.5862;0.6842;0.5865;0.6846;17;13
0.6207;0.6842;0.6211;0.6844;18;13
0.6552;0.6842;0.6558;0.6843;19;13
0.6897;0.6842;0.6906;0.6840;20;13
0.7241;0.6842;0.7255;0.6837;21;13
0.7586;0.6842;0.7605;0.6834;22;13
0.7931;0.6842;0.7955;0.6830;23;13
0.8276;0.6842;0.8306;0.6826;24;13
0.8621;0.6842;0.8657;0.6821;25;13
0.8966;0.6842;0.9008;0.6816;26;13
0.9310;0.6842;0.9360;0.6811;27;13
0.9655;0.6842;0.9711;0.6805;28;13
1.0000;0.6842;1.0063;0.6800;29;13
0.0000;0.7368;-0.0030;0.7351;0;14
0.0345;0.7368;0.0320;0.7353;1;14
0.0690;0.7368;0.0670;0.7355;2;14
0.1034;0.7368;0.1020;0.7357;3;14
0.1379;0.7368;0.1370;0.7359;4;14
0.1724;0.7368;0.1718;0.7362;5;14
0.2069;0.7368;0.2065;0.7364;6;14
0.2414;0.7368;0.2412;0.7367;7;14
0.2759;0.7368;0.2760;0.7366;8;14
0.3103;0.7368;0.3107;0.7363;9;14
0.3448;0.7368;0.3448;0.7363;10;14
0.3793;0.7368;0.3781;0.7366;11;14
0.4138;0.7368;0.4131;0.7365;12;14
0.4483;0.7368;0.4479;0.7364;13;14
0.4828;0.7368;0.4820;0.7366;14;14
0.5172;0.7368;0.5166;0.7369;15;14
0.5517;0.7368;0.5516;0.7371;16;14
0.5862;0.7368;0.5866;0.7372;17;14
0.6207;0.7368;0.6213;0.7371;18;14
0.6552;0.7368;0.6560;0.7370;19;14
0.6897;0.7368;0.6908;0.7368;20;14
0.7241;0.7368;0.7256;0.7365;21;14
0.7586;0.7368;0.7605;0.7363;22;14
0.7931;0.7368;0.7955;0.7359;23;14
0.8276;0.7368;0.8305;0.7355;24;14
0.8621;0.7368;0.8655;0.7351;25;14
0.8966;0.7368;0.9006;0.7347;26;14
0.9310;0.7368;0.9357;0.7342;27;14
0.9655;0.7368;0.9708;0.7337;28;14
1.0000;0.7368;1.0060;0.7332;29;14
0.0000;0.7895;-0.0030;0.7875;0;15
0.0345;0.7895;0.0320;0.7876;1;15
0.0690;0.7895;0.0670;0.7878;2;15
0.1034;0.7895;0.1019;0.7879;3;15
0.1379;0.7895;0.1368;0.7881;4;15
0.1724;0.7895;0.1716;0.7884;5;15
0.2069;0.7895;0.2063;0.7886;6;15
0.2414;0.7895;0.2410;0.7890;7;15
0.2759;0.7895;0.2756;0.7890;8;15
0.3103;0.7895;0.3101;0.7887;9;15
0.3448;0.7895;0.3444;0.7888;10;15
0.3793;0.7895;0.3783;0.7890;11;15
0.4138;0.7895;0.4135;0.7888;12;15
0.4483;0.7895;0.4483;0.7888;13;15
0.4828;0.7895;0.4823;0.7891;14;15
0.5172;0.7895;0.5167;0.7895;15;15
0.5517;0.7895;0.5518;0.7898;16;15
0.5862;0.7895;0.5868;0.7899;17;15
0.6207;0.7895;0.6215;0.7898;18;15
0.6552;0.7895;0.6562;0.7897;19;15
0.6897;0.7895;0.6910;0.7896;20;15
0.7241;0.7895;0.7258;0.7894;21;15
0.7586;0.7895;0.7606;0.7891;22;15
0.7931;0.7895;0.7955;0.7888;23;15
0.8276;0.7895;0.8305;0.7885;24;15
0.8621;0.7895;0.8654;0.7881;25;15
0.8966;0.7895;0.9005;0.7877;26;15
0.9310;0.7895;0.9355;0.7873;27;15
0.9655;0.7895;0.9706;0.7869;28;15
1.0000;0.7895;1.0056;0.7864;29;15
0.0000;0.8421;-0.0031;0.8400;0;16
0.0345;0.8421;0.0318;0.8401;1;16
0.0690;0.8421;0.0668;0.8402;2;16
0.1034;0.8421;0.1018;0.8403;3;16
0.1379;0.8421;0.1367;0.8405;4;16
0.1724;0.8421;0.1716;0.8407;5;16
0.2069;0.8421;0.2064;0.8410;6;16
0.2414;0.8421;0.2410;0.8412;7;16
0.2759;0.8421;0.2756;0.8414;8;16
0.3103;0.8421;0.3102;0.8417;9;16
0.3448;0.8421;0.3447;0.8419;10;16
0.3793;0.8421;0.3793;0.8421;11;16
0.4138;0.8421;0.4137;0.8422;12;16
0.4483;0.8421;0.4484;0.8424;13;16
0.4828;0.8421;0.4831;0.8425;14;16
0.5172;0.8421;0.5177;0.8425;15;16
0.5517;0.8421;0.5523;0.8425;16;16
0.5862;0.8421;0.5869;0.8425;17;16
0.6207;0.8421;0.6216;0.8426;18;16
0.6552;0.8421;0.6564;0.8425;19;16
0.6897;0.8421;0.6911;0.8424;20;16
0.7241;0.8421;0.7259;0.8422;21;16
0.7586;0.8421;0.7607;0.8420;22;16
0.7931;0.8421;0.7956;0.8417;23;16
0.8276;0.8421;0.8304;0.8415;24;16
0.8621;0.8421;0.8654;0.8411;25;16
0.8966;0.8421;0.9003;0.8408;26;16
0.9310;0.8421;0.9353;0.8404;27;16
0.9655;0.8421;0.9703;0.8400;28;16
1.0000;0.8421;1.0054;0.8396;29;16
0.0000;0.8947;-0.0033;0.8926;0;17
0.0345;0.8947;0.0316;0.8927;1;17
0.0690;0.8947;0.0665;0.8928;2;17
0.1034;0.8947;0.1014;0.8929;3;17
0.1379;0.8947;0.1363;0.8931;4;17
0.1724;0.8947;0.1711;0.8933;5;17
0.2069;0.8947;0.2059;0.8936;6;17
0.2414;0.8947;0.2406;0.8938;7;17
0.2759;0.8947;0.2753;0.8940;8;17
0.3103;0.8947;0.3099;0.8942;9;17
0.3448;0.8947;0.3444;0.8944;10;17
0.3793;0.8947;0.3790;0.8946;11;17
0.4138;0.8947;0.4135;0.8947;12;17
0.4483;0.8947;0.4482;0.8949;13;17
0.4828;0.8947;0.4829;0.8950;14;17
0.5172;0.8947;0.5176;0.8951;15;17
0.5517;0.8947;0.5523;0.8952;16;17
0.5862;0.8947;0.5870;0.8953;17;17
0.6207;0.8947;0.6217;0.8953;18;17
0.6552;0.8947;0.6564;0.8953;19;17
0.6897;0.8947;0.6912;0.8952;20;17
0.7241;0.8947;0.7259;0.8951;21;17
0.7586;0.8947;0.7607;0.8949;22;17
0.7931;0.8947;0.7955;0.8946;23;17
0.8276;0.8947;0.8304;0.8944;24;17
0.8621;0.8947;0.8653;0.8941;25;17
0.8966;0.8947;0.9002;0.8938;26;17
0.9310;0.8947;0.9352;0.8934;27;17
0.9655;0.8947;0.9701;0.8931;28;17
1.0000;0.8947;1.0051;0.8927;29;17
0.0000;0.9474;-0.0036;0.9453;0;18
0.0345;0.9474;0.0313;0.9454;1;18
0.0690;0.9474;0.0662;0.9455;2;18
0.1034;0.9474;0.1010;0.9456;3;18
0.1379;0.9474;0.1358;0.9458;4;18
0.1724;0.9474;0.1706;0.9460;5;18
0.2069;0.9474;0.2054;0.9462;6;18
0.2414;0.9474;0.2401;0.9465;7;18
0.2759;0.9474;0.2749;0.9467;8;18
0.3103;0.9474;0.3096;0.9469;9;18
0.3448;0.9474;0.3441;0.9471;10;18
0.3793;0.9474;0.3788;0.9473;11;18
0.4138;0.9474;0.4133;0.9474;12;18
0.4483;0.9474;0.4481;0.9476;13;18
0.4828;0.9474;0.4828;0.9477;14;18
0.5172;0.9474;0.5175;0.9479;15;18
0.5517;0.9474;0.5522;0.9480;16;18
0.5862;0.9474;0.5870;0.9480;17;18
0.6207;0.9474;0.6217;0.9481;18;18
0.6552;0.9474;0.6564;0.9481;19;18
0.6897;0.9474;0.6911;0.9480;20;18
0.7241;0.9474;0.7259;0.9479;21;18
0.7586;0.9474;0.7607;0.9477;22;18
0.7931;0.9474;0.7955;0.9475;23;18
0.8276;0.9474;0.8303;0.9473;24;18
0.8621;0.9474;0.8652;0.9470;25;18
0.8966;0.9474;0.9001;0.9468;26;18
0.9310;0.9474;0.9350;0.9464;27;18
0.9655;0.9474;0.9699;0.9461;28;18
1.0000;0.9474;1.0049;0.9458;29;18
0.0000;1.0000;-0.0040;0.9980;0;19
0.0345;1.0000;0.0309;0.9982;1;19
0.0690;1.0000;0.0657;0.9983;2;19
0.1034;1.0000;0.1006;0.9984;3;19
0.1379;1.0000;0.1354;0.9986;4;19
0.1724;1.0000;0.1702;0.9988;5;19
0.2069;1.0000;0.2049;0.9990;6;19
0.2414;1.0000;0.2397;0.9992;7;19
0.2759;1.0000;0.2744;0.9994;8;19
0.3103;1.0000;0.3092;0.9996;9;19
0.3448;1.0000;0.3438;0.9998;10;19
0.3793;1.0000;0.3785;1.0000;11;19
0.4138;1.0000;0.4132;1.0002;12;19
0.4483;1.0000;0.4479;1.0004;13;19
0.4828;1.0000;0.4826;1.0005;14;19
0.5172;1.0000;0.5173;1.0006;15;19
0.5517;1.0000;0.5521;1.0007;16;19
0.5862;1.0000;0.5868;1.0008;17;19
0.6207;1.0000;0.6216;1.0008;18;19
0.6552;1.0000;0.6563;1.0008;19;19
0.6897;1.0000;0.6910;1.0008;20;19
0.7241;1.0000;0.7258;1.0007;21;19
0.7586;1.0000;0.7606;1.0006;22;19
0.7931;1.0000;0.7954;1.0004;23;19
0.8276;1.0000;0.8302;1.0002;24;19
0.8621;1.0000;0.8650;1.0000;25;19
0.8966;1.0000;0.8999;0.9997;26;19
0.9310;1.0000;0.9348;0.9994;27;19
0.9655;1.0000;0.9697;0.9991;28;19
1.0000;1.0000;1.0046;0.9988;29;19
